{
    "data/dicom_samples/id_0a1a6062-e213e37c-6bcae1c6-6c190512-1608618b/Study_98994683.63586294.68093843.76956922.86921492/Series_77631034.54398252.78411086.09320130.64621041/image-15261899-16336799-16570287-29657437-32481398.dcm": {
        "Atelectasis": 0.1082083135843277,
        "Consolidation": 0.07359161227941513,
        "Infiltration": 0.5286509990692139,
        "Pneumothorax": 0.030612371861934662,
        "Edema": 0.0038531895261257887,
        "Emphysema": 0.0207518357783556,
        "Fibrosis": 0.08495859801769257,
        "Effusion": 0.03160114958882332,
        "Pneumonia": 0.004618047270923853,
        "Pleural_Thickening": 0.04244859516620636,
        "Cardiomegaly": 0.21898819506168365,
        "Nodule": 0.4212191104888916,
        "Mass": 0.14383982121944427,
        "Hernia": 0.00047964262194000185,
        "Lung Lesion": 0.010462533682584763,
        "Fracture": 0.16109557449817657,
        "Lung Opacity": 0.056614261120557785,
        "Enlarged Cardiomediastinum": 0.06395570933818817
    },
    "data/dicom_samples/id_0a1a6062-e213e37c-6bcae1c6-6c190512-1608618b/Study_98994683.63586294.68093843.76956922.86921492/Series_26880149.61800914.33971446.34850238.65835632/image-09599604-82254875-28128815-63496762-37337175.dcm": {
        "Atelectasis": 0.5175102949142456,
        "Consolidation": 0.5020341873168945,
        "Infiltration": 0.50682532787323,
        "Pneumothorax": 0.5005155801773071,
        "Edema": 0.08264680206775665,
        "Emphysema": 0.5009453296661377,
        "Fibrosis": 0.31129318475723267,
        "Effusion": 0.21513813734054565,
        "Pneumonia": 0.10813438147306442,
        "Pleural_Thickening": 0.2215031236410141,
        "Cardiomegaly": 0.3345643877983093,
        "Nodule": 0.5061433911323547,
        "Mass": 0.532520055770874,
        "Hernia": 0.17188069224357605,
        "Lung Lesion": 0.018434053286910057,
        "Fracture": 0.5248085260391235,
        "Lung Opacity": 0.5785051584243774,
        "Enlarged Cardiomediastinum": 0.5024051666259766
    },
    "data/dicom_samples/id_0a0c2c8f-a36a1e82-a4857225-5a2af2a6-c7be16c1/Study_12840378.32185825.64169999.71049659.46899097/Series_60731327.33236805.18319358.84233616.48423037/image-77089611-78785961-69826278-95000740-26294623.dcm": {
        "Atelectasis": 0.03217381238937378,
        "Consolidation": 0.07021141797304153,
        "Infiltration": 0.20840056240558624,
        "Pneumothorax": 0.09820844233036041,
        "Edema": 0.00011405707482481375,
        "Emphysema": 0.011497917585074902,
        "Fibrosis": 0.17953215539455414,
        "Effusion": 0.012032975442707539,
        "Pneumonia": 0.0002153818786609918,
        "Pleural_Thickening": 0.08072720468044281,
        "Cardiomegaly": 0.0014851156156510115,
        "Nodule": 0.20033161342144012,
        "Mass": 0.21068434417247772,
        "Hernia": 0.0045993151143193245,
        "Lung Lesion": 7.41701151127927e-05,
        "Fracture": 0.06754845380783081,
        "Lung Opacity": 0.1127304881811142,
        "Enlarged Cardiomediastinum": 0.005950393155217171
    },
    "data/dicom_samples/id_0a0c2c8f-a36a1e82-a4857225-5a2af2a6-c7be16c1/Study_12840378.32185825.64169999.71049659.46899097/Series_84360887.47369423.71070381.05368932.51324052/image-23691574-78007127-67077450-08256882-87395367.dcm": {
        "Atelectasis": 0.4594489336013794,
        "Consolidation": 0.5119838714599609,
        "Infiltration": 0.5200909376144409,
        "Pneumothorax": 0.5002479553222656,
        "Edema": 0.02890240028500557,
        "Emphysema": 0.4293542206287384,
        "Fibrosis": 0.5042321681976318,
        "Effusion": 0.4124937951564789,
        "Pneumonia": 0.003325056517496705,
        "Pleural_Thickening": 0.4667920470237732,
        "Cardiomegaly": 0.33433055877685547,
        "Nodule": 0.5223361253738403,
        "Mass": 0.6009727716445923,
        "Hernia": 0.03925669193267822,
        "Lung Lesion": 0.018220869824290276,
        "Fracture": 0.5060235261917114,
        "Lung Opacity": 0.7981017231941223,
        "Enlarged Cardiomediastinum": 0.5038244724273682
    },
    "data/dicom_samples/id_0a1a0de9-947c36de-38f2e3c9-a497807e-7ceb75f8/Study_72682317.56696215.32367375.69516389.09416010/Series_94559003.83259051.98386686.73459116.65935633/image-49456968-50961677-93916823-30114741-97249659.dcm": {
        "Atelectasis": 0.15955297648906708,
        "Consolidation": 0.09192287921905518,
        "Infiltration": 0.27587175369262695,
        "Pneumothorax": 0.23894357681274414,
        "Edema": 0.01335031446069479,
        "Emphysema": 0.5010994672775269,
        "Fibrosis": 0.5206528902053833,
        "Effusion": 0.05128754675388336,
        "Pneumonia": 0.020517650991678238,
        "Pleural_Thickening": 0.3371540606021881,
        "Cardiomegaly": 0.3028414845466614,
        "Nodule": 0.5020085573196411,
        "Mass": 0.22714906930923462,
        "Hernia": 0.00924238283187151,
        "Lung Lesion": 0.012699241749942303,
        "Fracture": 0.05622933804988861,
        "Lung Opacity": 0.1540748029947281,
        "Enlarged Cardiomediastinum": 0.07966270297765732
    },
    "data/dicom_samples/id_0a1a38c4-c9e03c76-28a14f88-2d30e1d4-6183d46b/Study_79148372.32343444.40535568.71230168.45973202/Series_42870200.42252498.39047976.25237423.29489324/image-15908848-77237609-03232560-96641664-72033662.dcm": {
        "Atelectasis": 0.2785385251045227,
        "Consolidation": 0.5036743879318237,
        "Infiltration": 0.38528701663017273,
        "Pneumothorax": 0.5014407634735107,
        "Edema": 0.011872716248035431,
        "Emphysema": 0.5001375079154968,
        "Fibrosis": 0.5019625425338745,
        "Effusion": 0.24573750793933868,
        "Pneumonia": 0.004021691624075174,
        "Pleural_Thickening": 0.5011644959449768,
        "Cardiomegaly": 0.07993903756141663,
        "Nodule": 0.4688372313976288,
        "Mass": 0.5534696578979492,
        "Hernia": 0.026984689757227898,
        "Lung Lesion": 0.003118856344372034,
        "Fracture": 0.5059138536453247,
        "Lung Opacity": 0.7038528919219971,
        "Enlarged Cardiomediastinum": 0.4941076934337616
    },
    "data/dicom_samples/id_0a1a38c4-c9e03c76-28a14f88-2d30e1d4-6183d46b/Study_79148372.32343444.40535568.71230168.45973202/Series_35159210.86362984.56224315.14980009.77443886/image-75545339-55870039-51885816-92064157-98378507.dcm": {
        "Atelectasis": 0.11179367452859879,
        "Consolidation": 0.05699104815721512,
        "Infiltration": 0.2778324782848358,
        "Pneumothorax": 0.08478403836488724,
        "Edema": 5.776934267487377e-05,
        "Emphysema": 0.015488808043301105,
        "Fibrosis": 0.500524640083313,
        "Effusion": 0.011737051419913769,
        "Pneumonia": 0.0016923981020227075,
        "Pleural_Thickening": 0.16117936372756958,
        "Cardiomegaly": 0.00027032665093429387,
        "Nodule": 0.17681048810482025,
        "Mass": 0.08874400705099106,
        "Hernia": 0.011449990794062614,
        "Lung Lesion": 0.00010630921315168962,
        "Fracture": 0.05170949548482895,
        "Lung Opacity": 0.04409413784742355,
        "Enlarged Cardiomediastinum": 0.004824299830943346
    },
    "data/dicom_samples/id_0a1f875b-a67fe221-684adc8a-39b1c19b-266b948b/Study_22028902.48449501.25544157.65169404.59411193/Series_57322992.77011198.27473253.16855266.10345337/image-43591434-24105909-95501830-31186664-56232345.dcm": {
        "Atelectasis": 0.15337523818016052,
        "Consolidation": 0.5194025039672852,
        "Infiltration": 0.5784429907798767,
        "Pneumothorax": 0.5025286674499512,
        "Edema": 0.24065738916397095,
        "Emphysema": 0.5052889585494995,
        "Fibrosis": 0.517194390296936,
        "Effusion": 0.20818161964416504,
        "Pneumonia": 0.4216931462287903,
        "Pleural_Thickening": 0.5043961405754089,
        "Cardiomegaly": 0.2026858925819397,
        "Nodule": 0.5085316896438599,
        "Mass": 0.5129914283752441,
        "Hernia": 0.005680047441273928,